[{"@type":"connection","id":"@1","name":"SF_Connection","runtimeEnvironmentId":"@3p6WAIkc2HhiyGslQEsZ29","instanceDisplayName":"CSVFile","dateFormat":"MM/dd/yyyy HH:mm:ss","database":"C:\\Users\\ASUS\\Desktop\\Internship","codepage":"UTF-8","type":"CSVFile","port":0,"majorUpdateTime":"2021-07-01T19:22:08.000Z","timeout":60,"connParams":{"agentId":"0116ZD08000000000002","agentGroupId":"0116ZD25000000000003","orgId":"0116ZD"},"internal":false,"federatedId":"lU9ybebr6o0fMGBPqQGuY4","retryNetworkError":false}]